Rank_PTS,NAME,TEAM,AGE,GP,W,L,MIN,PTS,FGM,FGA,FG%,3PM,3PA,3P%,FTM,FTA,FT%,OREB,DREB,REB,AST,TOV,STL,BLK,PF,FP,DD2,TD3,P/M
1,Joel Embiid,PHI,29,66,43,23,34.6,33.1,11.0,20.1,54.8,1.0,3.0,33.0,10.0,11.7,85.7,1.7,8.4,10.2,4.2,3.4,1.0,1.7,3.1,56.2,39.0,1.0,6.4
2,Luka Doncic,DAL,24,66,33,33,36.2,32.4,10.9,22.0,49.6,2.8,8.2,34.2,7.8,10.5,74.2,0.8,7.8,8.6,8.0,3.6,1.4,0.5,2.5,56.8,36.0,10.0,1.9
3,Damian Lillard,POR,32,58,27,31,36.3,32.2,9.6,20.7,46.3,4.2,11.3,37.1,8.8,9.6,91.4,0.8,4.0,4.8,7.3,3.3,0.9,0.3,1.9,49.1,16.0,2.0,1.8
4,Shai Gilgeous-Alexander,OKC,24,68,33,35,35.5,31.4,10.4,20.3,51.0,0.9,2.5,34.5,9.8,10.9,90.5,0.9,4.0,4.8,5.5,2.8,1.6,1.0,2.8,50.4,3.0,0.0,2.2
5,Giannis Antetokounmpo,MIL,28,63,47,16,32.1,31.1,11.2,20.3,55.3,0.7,2.7,27.5,7.9,12.3,64.5,2.2,9.6,11.8,5.7,3.9,0.8,0.8,3.1,54.8,46.0,6.0,5.4
6,Jayson Tatum,BOS,25,74,52,22,36.9,30.1,9.8,21.1,46.6,3.2,9.3,35.0,7.2,8.4,85.4,1.1,7.7,8.8,4.6,2.9,1.1,0.7,2.2,49.9,31.0,1.0,6.4
7,Stephen Curry,GSW,35,56,30,26,34.7,29.4,10.0,20.2,49.3,4.9,11.4,42.7,4.6,5.0,91.5,0.7,5.4,6.1,6.3,3.2,0.9,0.4,2.1,46.8,12.0,1.0,4.8
9,LeBron James,LAL,38,55,30,25,35.5,28.9,11.1,22.2,50.0,2.2,6.9,32.1,4.6,5.9,76.8,1.2,7.1,8.3,6.8,3.2,0.9,0.6,1.6,50.3,18.0,2.0,3.9
10,Donovan Mitchell,CLE,26,68,44,24,35.8,28.3,10.0,20.6,48.4,3.6,9.3,38.6,4.7,5.4,86.7,0.9,3.3,4.3,4.4,2.6,1.5,0.4,2.5,42.9,5.0,0.0,5.0
11,Devin Booker,PHX,26,53,34,19,34.6,27.8,9.9,20.1,49.4,2.1,6.0,35.1,5.8,6.8,85.5,0.9,3.7,4.5,5.5,2.7,1.0,0.3,3.0,42.7,5.0,0.0,4.7
12,Kyrie Irving,DAL,31,60,32,28,37.3,27.1,9.9,20.1,49.4,3.1,8.3,37.9,4.1,4.6,90.5,1.0,4.1,5.1,5.5,2.1,1.1,0.8,2.8,44.8,5.0,0.0,3.7
13,Jaylen Brown,BOS,26,67,46,21,35.9,26.6,10.1,20.6,49.1,2.4,7.3,33.5,3.9,5.1,76.5,1.2,5.7,6.9,3.5,2.9,1.1,0.4,2.6,41.6,13.0,0.0,3.8
14,Trae Young,ATL,24,73,38,35,34.8,26.2,8.2,19.0,42.9,2.1,6.3,33.5,7.8,8.8,88.6,0.8,2.2,3.0,10.2,4.1,1.1,0.1,1.4,44.6,40.0,0.0,1.4
15,Ja Morant,MEM,23,61,40,21,31.9,26.2,9.3,19.9,46.6,1.5,4.9,30.7,6.1,8.1,74.8,1.0,4.9,5.9,8.1,3.4,1.1,0.3,1.6,46.0,20.0,7.0,5.0
17,Anthony Davis,LAL,30,56,31,25,34.0,25.9,9.7,17.2,56.3,0.3,1.3,25.7,6.2,7.9,78.4,3.5,9.1,12.5,2.6,2.2,1.1,2.0,2.6,52.0,40.0,0.0,3.7
18,Lauri Markkanen,UTA,26,66,32,34,34.4,25.6,8.7,17.3,49.9,3.0,7.7,39.2,5.3,6.0,87.5,2.0,6.7,8.6,1.9,1.9,0.6,0.6,2.1,40.5,28.0,0.0,2.5
19,Julius Randle,NYK,28,77,44,33,35.5,25.1,8.5,18.6,45.9,2.8,8.3,34.3,5.2,6.9,75.7,1.8,8.1,10.0,4.1,2.8,0.6,0.3,3.0,43.2,40.0,0.0,2.2
20,De'Aaron Fox,SAC,25,73,44,29,33.4,25.0,9.3,18.2,51.2,1.6,5.0,32.4,4.7,6.0,78.0,0.5,3.6,4.2,6.1,2.5,1.1,0.3,2.4,41.1,11.0,0.0,2.4
21,Zach LaVine,CHI,28,77,38,39,35.9,24.8,8.7,18.0,48.5,2.6,7.1,37.5,4.7,5.6,84.8,0.5,3.9,4.5,4.2,2.5,0.9,0.2,2.1,37.5,2.0,0.0,0.2
23,Anthony Edwards,MIN,21,79,40,39,36.0,24.6,8.9,19.5,45.9,2.7,7.3,36.9,4.0,5.3,75.6,0.6,5.2,5.8,4.4,3.3,1.6,0.7,2.4,41.9,9.0,0.0,1.2
24,DeMar DeRozan,CHI,33,74,37,37,36.2,24.5,8.9,17.6,50.4,0.6,1.9,32.4,6.2,7.1,87.2,0.5,4.2,4.6,5.1,2.1,1.1,0.5,2.5,40.5,6.0,0.0,0.9
25,Nikola Jokic,DEN,28,69,48,21,33.7,24.5,9.4,14.8,63.2,0.8,2.2,38.3,4.9,6.0,82.2,2.4,9.4,11.8,9.8,3.6,1.3,0.7,2.5,55.7,58.0,29.0,9.3
26,Pascal Siakam,TOR,29,71,35,36,37.4,24.2,8.9,18.5,48.0,1.3,4.0,32.4,5.2,6.7,77.4,1.8,6.0,7.8,5.8,2.4,0.9,0.5,3.2,44.3,24.0,2.0,1.7
27,Jalen Brunson,NYK,26,68,40,28,35.0,24.0,8.6,17.6,49.1,2.0,4.7,41.6,4.8,5.8,82.9,0.6,3.0,3.5,6.2,2.1,0.9,0.2,2.2,38.8,5.0,0.0,2.2
28,Kawhi Leonard,LAC,31,52,33,19,33.6,23.8,8.6,16.8,51.2,2.0,4.8,41.6,4.7,5.4,87.1,1.1,5.4,6.5,3.9,1.7,1.4,0.5,1.6,41.6,4.0,0.0,4.2
29,Paul George,LAC,33,56,32,24,34.6,23.8,8.2,17.9,45.7,2.8,7.6,37.1,4.6,5.3,87.1,0.8,5.3,6.1,5.1,3.1,1.5,0.4,2.8,41.2,8.0,1.0,2.8
31,Bradley Beal,WAS,29,50,24,26,33.5,23.2,8.9,17.6,50.6,1.6,4.4,36.5,3.8,4.6,84.2,0.8,3.1,3.9,5.4,2.9,0.9,0.7,2.1,37.8,2.0,0.0,0.8
32,Kristaps Porzingis,WAS,27,65,27,38,32.6,23.2,7.8,15.7,49.8,2.1,5.5,38.5,5.4,6.4,85.1,1.8,6.6,8.4,2.7,2.1,0.9,1.5,3.0,42.4,20.0,0.0,1.2
33,Jimmy Butler,MIA,33,64,35,29,33.4,22.9,7.5,13.9,53.9,0.6,1.6,35.0,7.4,8.7,85.0,2.2,3.7,5.9,5.3,1.6,1.8,0.3,1.3,42.8,11.0,0.0,0.7
34,Jalen Green,HOU,21,76,20,56,34.2,22.1,7.4,17.9,41.6,2.5,7.3,33.8,4.8,6.1,78.6,0.6,3.2,3.7,3.7,2.6,0.8,0.2,1.7,32.6,0.0,0.0,-5.9
35,Keldon Johnson,SAS,23,63,17,46,32.8,22.0,8.0,17.7,45.2,2.1,6.5,32.9,3.9,5.2,74.9,0.9,4.2,5.0,2.9,2.1,0.7,0.2,2.0,33.0,5.0,0.0,-7.8
36,Klay Thompson,GSW,33,69,38,31,33.0,21.9,7.9,18.1,43.6,4.4,10.6,41.2,1.7,1.9,87.9,0.6,3.6,4.1,2.4,1.8,0.7,0.4,1.9,32.0,2.0,0.0,2.4
37,Darius Garland,CLE,23,69,40,29,35.5,21.6,7.6,16.4,46.2,2.4,6.0,41.0,4.0,4.7,86.3,0.4,2.3,2.7,7.8,2.9,1.2,0.1,2.1,37.7,18.0,0.0,6.3
38,Bojan Bogdanovic,DET,34,59,15,44,32.1,21.6,7.3,14.9,48.8,2.5,6.0,41.1,4.5,5.1,88.4,0.6,3.2,3.8,2.6,2.3,0.6,0.1,1.9,29.8,0.0,0.0,-5.6
39,Desmond Bane,MEM,24,58,38,20,31.7,21.5,7.8,16.2,47.9,2.9,7.0,40.8,3.1,3.5,88.3,0.7,4.3,5.0,4.4,2.2,1.0,0.4,2.6,36.0,1.0,0.0,6.1
40,Kyle Kuzma,WAS,27,64,29,35,35.0,21.2,8.0,17.8,44.8,2.5,7.5,33.3,2.7,3.7,73.0,0.9,6.4,7.2,3.7,3.0,0.6,0.5,2.3,35.6,14.0,1.0,0.2
41,Terry Rozier,CHA,29,63,19,44,35.3,21.1,7.8,18.9,41.5,2.6,8.0,32.7,2.8,3.5,80.9,0.8,3.3,4.1,5.1,2.1,1.2,0.3,1.9,35.8,1.0,0.0,-4.6
42,Anfernee Simons,POR,23,62,27,35,35.0,21.1,7.5,16.9,44.7,3.4,9.1,37.7,2.6,2.9,89.4,0.3,2.3,2.6,4.1,2.1,0.7,0.2,2.3,30.9,0.0,0.0,-1.2
43,James Harden,PHI,33,58,39,19,36.8,21.0,6.4,14.5,44.1,2.8,7.2,38.5,5.4,6.2,86.7,0.7,5.4,6.1,10.7,3.4,1.2,0.5,1.9,46.2,36.0,5.0,4.8
44,CJ McCollum,NOP,31,75,38,37,35.3,20.9,7.8,17.9,43.7,2.8,7.2,38.9,2.4,3.2,76.9,0.7,3.6,4.4,5.7,2.4,0.9,0.5,2.0,36.6,6.0,0.0,0.8
45,Jordan Clarkson,UTA,30,61,30,31,32.6,20.8,7.5,16.9,44.4,2.5,7.5,33.8,3.3,4.0,81.6,1.2,2.9,4.0,4.4,3.0,0.5,0.2,2.0,31.5,3.0,0.0,0.6
47,Tyrese Haliburton,IND,23,56,28,28,33.6,20.7,7.4,15.0,49.0,2.9,7.2,40.0,3.1,3.6,87.1,0.6,3.1,3.7,10.4,2.5,1.6,0.4,1.2,44.5,32.0,0.0,-0.6
48,Jerami Grant,POR,29,63,28,35,35.6,20.5,6.9,14.5,47.5,2.3,5.7,40.1,4.4,5.4,81.3,0.8,3.7,4.5,2.4,1.8,0.8,0.8,2.4,32.5,2.0,0.0,-0.6
49,Dejounte Murray,ATL,26,74,38,36,36.4,20.5,8.3,17.8,46.4,1.8,5.2,34.4,2.1,2.6,83.2,0.7,4.5,5.3,6.1,2.2,1.5,0.3,1.4,39.0,8.0,1.0,-0.8
50,Jordan Poole,GSW,23,82,44,38,30.0,20.4,6.7,15.6,43.0,2.6,7.8,33.6,4.4,5.1,87.0,0.4,2.4,2.7,4.5,3.1,0.8,0.3,2.6,30.5,1.0,0.0,-0.1
51,Bam Adebayo,MIA,25,75,40,35,34.6,20.4,8.0,14.9,54.0,0.0,0.2,8.3,4.3,5.4,80.6,2.5,6.7,9.2,3.2,2.5,1.2,0.8,2.8,39.7,31.0,0.0,1.6
52,Tyrese Maxey,PHI,22,60,39,21,33.6,20.3,7.3,15.2,48.1,2.7,6.2,43.4,3.0,3.6,84.5,0.4,2.6,2.9,3.5,1.3,0.8,0.1,2.2,30.6,0.0,0.0,4.0
54,Mikal Bridges,BKN,26,83,42,41,35.7,20.1,7.1,15.3,46.8,2.0,5.3,38.2,3.8,4.3,89.5,1.0,3.4,4.4,3.3,1.5,1.1,0.7,1.9,34.3,2.0,0.0,0.4
55,Tyler Herro,MIA,23,67,37,30,34.9,20.1,7.3,16.6,43.9,3.0,8.0,37.8,2.5,2.7,93.4,0.4,5.0,5.4,4.2,2.4,0.8,0.2,1.5,33.5,6.0,1.0,2.5
57,Jamal Murray,DEN,26,65,43,22,32.8,20.0,7.3,16.0,45.4,2.6,6.6,39.8,2.8,3.3,83.3,0.7,3.2,4.0,6.2,2.2,1.0,0.2,1.6,35.5,5.0,1.0,4.6
58,Paolo Banchero,ORL,20,72,31,41,33.7,20.0,6.7,15.6,42.7,1.2,4.0,29.8,5.5,7.4,73.8,1.2,5.7,6.9,3.7,2.8,0.8,0.5,2.2,35.2,14.0,0.0,-3.0
60,RJ Barrett,NYK,22,73,40,33,33.9,19.6,7.0,16.1,43.4,1.7,5.3,31.0,4.0,5.4,74.0,0.8,4.2,5.0,2.8,2.2,0.4,0.2,2.5,29.4,3.0,0.0,-0.8
61,Fred VanVleet,TOR,29,69,34,35,36.7,19.3,6.3,16.1,39.3,3.0,8.8,34.2,3.7,4.1,89.8,0.4,3.6,4.1,7.2,2.0,1.8,0.6,2.8,39.9,10.0,1.0,2.8
62,Jrue Holiday,MIL,32,67,50,17,32.6,19.3,7.3,15.3,47.9,2.4,6.1,38.4,2.3,2.6,85.9,1.2,3.9,5.1,7.4,2.9,1.2,0.4,1.7,38.2,16.0,0.0,7.2
63,Kevin Porter Jr.,HOU,23,59,18,41,34.3,19.2,6.6,15.0,44.2,2.4,6.5,36.6,3.5,4.5,78.4,1.3,4.0,5.3,5.7,3.2,1.4,0.3,2.6,36.0,9.0,1.0,-5.8
64,Domantas Sabonis,SAC,27,79,47,32,34.6,19.1,7.3,11.9,61.5,0.4,1.1,37.3,4.1,5.5,74.2,3.2,9.1,12.3,7.3,2.9,0.8,0.5,3.5,45.8,65.0,14.0,2.7
65,Jaren Jackson Jr.,MEM,23,63,41,22,28.4,18.6,6.6,13.0,50.6,1.6,4.5,35.5,3.8,4.9,78.8,1.7,5.0,6.8,1.0,1.7,1.0,3.0,3.6,38.6,7.0,0.0,5.8
66,Franz Wagner,ORL,21,80,33,47,32.6,18.6,6.8,14.0,48.5,1.6,4.5,36.1,3.4,4.0,84.2,0.9,3.2,4.1,3.5,2.1,1.0,0.2,2.3,30.2,2.0,0.0,0.6
68,Deandre Ayton,PHX,24,67,36,31,30.4,18.0,7.8,13.2,58.9,0.1,0.4,29.2,2.3,3.0,76.0,2.6,7.4,10.0,1.7,1.8,0.6,0.8,2.8,34.7,36.0,0.0,-0.1
69,Myles Turner,IND,27,62,29,33,29.4,18.0,6.5,11.8,54.8,1.5,4.0,37.3,3.5,4.5,78.3,1.4,6.1,7.5,1.4,1.7,0.6,2.3,3.5,36.0,18.0,0.0,-0.8
70,D'Angelo Russell,LAL,27,71,39,32,32.5,17.8,6.3,13.4,46.9,2.7,6.9,39.6,2.5,3.0,82.9,0.5,2.5,3.0,6.2,2.6,1.0,0.4,2.0,32.2,9.0,0.0,1.2
71,Nikola Vucevic,CHI,32,82,40,42,33.5,17.6,7.3,14.0,52.0,1.5,4.2,34.9,1.6,1.9,83.5,1.9,9.1,11.0,3.2,1.7,0.7,0.7,2.2,38.3,51.0,1.0,-0.2
72,Michael Porter Jr.,DEN,24,62,41,21,29.0,17.4,6.4,13.2,48.7,3.0,7.3,41.4,1.5,1.9,80.0,1.0,4.5,5.5,1.0,1.1,0.6,0.5,1.9,27.7,3.0,0.0,6.7
73,Gary Trent Jr.,TOR,24,66,31,35,32.1,17.4,6.1,14.2,43.3,2.5,6.8,36.9,2.6,3.1,83.9,0.5,2.2,2.6,1.6,0.8,1.6,0.2,1.5,27.5,0.0,0.0,-0.8
74,Spencer Dinwiddie,BKN,30,79,41,38,34.5,17.3,5.8,13.3,43.8,2.3,6.2,36.9,3.4,4.2,81.2,0.4,3.1,3.4,6.5,1.8,0.8,0.3,2.4,32.8,9.0,0.0,-0.1
76,Norman Powell,LAC,30,60,31,29,26.1,17.0,5.7,11.8,47.9,1.9,4.8,39.7,3.8,4.6,81.2,0.4,2.5,2.9,1.8,1.7,0.8,0.3,2.1,24.9,0.0,0.0,-2.1
77,Buddy Hield,IND,30,80,35,45,31.0,16.8,5.9,13.0,45.8,3.6,8.5,42.5,1.3,1.6,82.2,0.8,4.2,5.0,2.8,1.7,1.2,0.3,2.0,29.7,3.0,0.0,-1.1
78,O.G. Anunoby,TOR,25,67,33,34,35.6,16.8,6.3,13.2,47.6,2.1,5.5,38.7,2.1,2.5,83.8,1.4,3.5,5.0,2.0,2.0,1.9,0.7,3.0,31.7,2.0,0.0,2.0
79,Bennedict Mathurin,IND,20,78,33,45,28.5,16.7,5.3,12.2,43.4,1.3,4.0,32.3,4.8,5.8,82.8,1.1,3.0,4.1,1.5,1.9,0.6,0.2,2.1,24.2,0.0,0.0,-2.3
80,Christian Wood,DAL,27,67,33,34,25.9,16.6,5.9,11.5,51.5,1.6,4.2,37.6,3.2,4.2,77.2,1.3,6.0,7.3,1.8,1.8,0.4,1.1,2.5,30.9,12.0,0.0,-0.7
81,Josh Giddey,OKC,20,76,34,42,31.1,16.6,7.1,14.7,48.2,1.0,3.1,32.5,1.4,1.9,73.1,1.9,5.9,7.9,6.2,2.8,0.8,0.4,1.9,36.0,28.0,4.0,-1.4
82,Aaron Gordon,DEN,27,68,45,23,30.2,16.3,6.3,11.2,56.4,0.9,2.5,34.7,2.8,4.6,60.8,2.4,4.1,6.6,3.0,1.4,0.8,0.8,1.9,31.8,11.0,0.0,7.6
83,Jaden Ivey,DET,21,74,16,58,31.1,16.3,5.5,13.3,41.6,1.6,4.7,34.3,3.6,4.8,74.7,1.0,2.9,3.9,5.2,3.2,0.8,0.2,3.3,28.7,8.0,0.0,-8.7
84,Evan Mobley,CLE,21,79,48,31,34.4,16.2,6.6,12.0,55.4,0.3,1.3,21.6,2.6,3.8,67.4,2.4,6.6,9.0,2.8,1.8,0.8,1.5,2.8,36.2,24.0,0.0,4.3
86,Brook Lopez,MIL,35,78,57,21,30.4,15.9,6.1,11.5,53.1,1.7,4.7,37.4,1.9,2.4,78.4,2.0,4.7,6.7,1.3,1.4,0.5,2.5,2.6,33.3,11.0,0.0,5.1
87,Russell Westbrook,LAC,34,73,36,37,29.1,15.9,5.9,13.6,43.6,1.2,3.9,31.1,2.8,4.3,65.6,1.2,4.6,5.8,7.5,3.5,1.0,0.5,2.2,35.1,24.0,4.0,-0.3
88,P.J. Washington,CHA,24,73,24,49,32.6,15.7,5.9,13.4,44.4,2.0,5.9,34.8,1.7,2.4,73.0,1.0,3.9,4.9,2.4,1.5,0.9,1.1,2.6,29.6,3.0,0.0,-5.1
90,De'Andre Hunter,ATL,25,67,35,32,31.7,15.4,5.7,12.3,46.1,1.5,4.3,35.0,2.6,3.1,82.6,0.7,3.6,4.2,1.4,1.2,0.5,0.3,3.0,23.7,1.0,0.0,-0.3
92,Scottie Barnes,TOR,21,77,38,39,34.8,15.3,6.0,13.2,45.6,0.8,2.9,28.1,2.5,3.2,77.2,2.3,4.3,6.6,4.8,2.0,1.1,0.8,2.2,34.1,15.0,1.0,2.3
93,Wendell Carter Jr.,ORL,24,57,26,31,29.6,15.2,5.6,10.8,52.5,1.4,3.9,35.6,2.5,3.4,73.8,2.1,6.6,8.7,2.3,1.9,0.5,0.6,2.8,30.6,21.0,0.0,-0.7
94,Kevin Huerter,SAC,24,75,44,31,29.4,15.2,5.6,11.5,48.5,2.7,6.8,40.2,1.3,1.7,72.5,0.6,2.8,3.3,2.9,1.3,1.1,0.3,2.4,26.5,0.0,0.0,3.0
96,Harrison Barnes,SAC,30,82,48,34,32.5,15.0,4.6,9.6,47.3,1.6,4.3,37.4,4.3,5.0,84.7,1.1,3.4,4.5,1.6,1.0,0.7,0.1,1.3,24.1,0.0,0.0,3.1
97,Immanuel Quickley,NYK,23,81,47,34,28.9,14.9,5.2,11.6,44.8,2.1,5.6,37.0,2.5,3.1,81.9,0.7,3.4,4.2,3.4,1.2,1.0,0.2,2.0,27.3,4.0,0.0,3.9
98,Malcolm Brogdon,BOS,30,67,46,21,26.0,14.9,5.3,10.9,48.4,2.0,4.4,44.4,2.4,2.7,87.0,0.6,3.6,4.2,3.7,1.5,0.7,0.3,1.6,26.9,0.0,0.0,2.7
99,Alperen Sengun,HOU,20,75,18,57,28.9,14.8,5.9,10.7,55.3,0.3,0.8,33.3,2.7,3.8,71.5,3.2,5.8,9.0,3.9,2.6,0.9,0.9,3.4,34.5,29.0,2.0,-3.8
100,Tobias Harris,PHI,30,74,47,27,32.9,14.7,5.7,11.4,50.1,1.7,4.4,38.9,1.5,1.7,87.6,0.9,4.8,5.7,2.5,1.2,0.9,0.5,2.0,28.5,7.0,0.0,4.0
101,Gordon Hayward,CHA,33,50,20,30,31.5,14.7,5.5,11.6,47.5,1.0,3.2,32.5,2.6,3.2,81.1,0.7,3.6,4.3,4.1,2.0,0.8,0.2,1.4,27.3,2.0,0.0,-2.2
102,Trey Murphy III,NOP,22,79,39,40,31.0,14.5,4.9,10.1,48.4,2.6,6.3,40.6,2.2,2.4,90.5,0.7,2.8,3.6,1.4,0.8,1.1,0.5,2.0,25.2,1.0,0.0,0.5
103,Tim Hardaway Jr.,DAL,31,71,37,34,30.3,14.4,4.8,11.9,40.1,3.0,7.7,38.5,1.8,2.3,77.0,0.3,3.2,3.5,1.8,0.8,0.7,0.2,1.7,23.1,0.0,0.0,2.3
104,Dillon Brooks,MEM,27,73,46,27,30.3,14.3,5.4,13.6,39.6,2.0,6.0,32.6,1.6,2.1,77.9,0.6,2.7,3.3,2.6,1.4,0.9,0.2,3.3,24.1,0.0,0.0,2.8
106,Jarrett Allen,CLE,25,68,44,24,32.6,14.3,5.9,9.2,64.4,0.0,0.1,10.0,2.4,3.3,73.3,3.3,6.5,9.8,1.7,1.4,0.8,1.2,2.3,33.2,32.0,0.0,5.1
107,Jonas Valanciunas,NOP,31,79,40,39,24.9,14.1,5.6,10.3,54.7,0.5,1.4,34.9,2.3,2.8,82.6,2.8,7.3,10.2,1.8,2.0,0.3,0.7,3.1,29.7,43.0,0.0,-0.1
108,Bobby Portis,MIL,28,70,47,23,26.0,14.1,5.7,11.5,49.6,1.4,3.7,37.0,1.4,1.8,76.8,2.2,7.4,9.6,1.5,1.2,0.4,0.2,1.6,28.6,38.0,0.0,0.2
109,Jalen Williams,OKC,22,75,36,39,30.3,14.1,5.5,10.6,52.1,1.0,2.7,35.6,2.1,2.5,81.2,1.1,3.4,4.5,3.3,1.6,1.4,0.5,2.5,28.3,3.0,0.0,-0.7
110,Bogdan Bogdanovic,ATL,30,54,27,27,27.9,14.0,5.1,11.3,44.7,2.7,6.7,40.6,1.2,1.4,83.1,0.4,2.6,3.1,2.8,1.2,0.8,0.3,1.6,24.0,0.0,0.0,1.2
111,Markelle Fultz,ORL,25,60,29,31,29.6,14.0,5.8,11.3,51.4,0.5,1.5,31.0,1.9,2.4,78.3,1.2,2.8,3.9,5.7,2.3,1.5,0.4,2.2,30.5,3.0,0.0,-2.2
112,Chris Paul,PHX,38,59,33,26,32.0,13.9,5.0,11.3,44.0,1.7,4.4,37.5,2.3,2.7,83.1,0.5,3.8,4.3,8.9,1.9,1.5,0.4,2.1,36.1,17.0,0.0,1.4
113,Saddiq Bey,ATL,24,77,24,53,27.6,13.8,4.6,10.9,42.2,2.0,5.4,36.1,2.7,3.1,86.1,1.3,3.4,4.7,1.5,0.9,0.9,0.2,1.6,24.0,4.0,0.0,-1.9
114,Luguentz Dort,OKC,24,74,36,38,30.7,13.7,4.6,11.8,38.8,1.8,5.5,33.0,2.7,3.5,77.2,1.7,2.9,4.6,2.1,1.2,1.0,0.3,3.3,25.1,5.0,0.0,0.5
115,Malik Monk,SAC,25,77,47,30,22.3,13.5,4.6,10.3,44.8,1.9,5.2,35.9,2.4,2.7,88.9,0.4,2.2,2.6,3.9,1.9,0.6,0.3,1.6,23.3,0.0,0.0,0.9
116,Rudy Gobert,MIN,30,70,34,36,30.7,13.4,5.1,7.8,65.9,0.0,0.0,0.0,3.1,4.9,64.4,3.3,8.3,11.6,1.2,1.7,0.8,1.4,3.0,34.0,35.0,0.0,-0.1
117,Jusuf Nurkic,POR,28,52,24,28,26.8,13.3,5.0,9.7,51.9,0.8,2.3,36.1,2.4,3.7,66.1,2.2,6.9,9.1,2.9,2.3,0.8,0.8,3.6,31.2,18.0,0.0,0.2
119,John Collins,ATL,25,71,37,34,30.0,13.1,5.1,10.0,50.8,1.0,3.4,29.2,2.0,2.5,80.3,1.1,5.4,6.5,1.2,1.1,0.6,1.0,3.1,26.5,11.0,0.0,-0.3
120,Cole Anthony,ORL,23,60,28,32,25.9,13.0,4.6,10.2,45.4,1.3,3.4,36.4,2.5,2.8,89.4,0.8,4.0,4.8,3.9,1.5,0.6,0.5,2.6,26.5,1.0,0.0,-0.4
121,Austin Reaves,LAL,25,64,35,29,28.8,13.0,4.0,7.7,52.9,1.3,3.4,39.8,3.6,4.1,86.4,0.5,2.5,3.0,3.4,1.5,0.5,0.3,1.7,22.6,1.0,0.0,3.3
122,Tre Jones,SAS,23,68,20,48,29.2,12.9,5.0,10.9,45.9,0.7,2.3,28.5,2.2,2.5,86.0,0.8,2.8,3.6,6.6,1.6,1.3,0.1,1.4,29.8,6.0,2.0,-4.8
123,Jabari Smith Jr.,HOU,20,79,21,58,31.0,12.8,4.6,11.3,40.8,1.5,4.9,30.7,2.1,2.6,78.6,1.5,5.7,7.2,1.3,1.3,0.5,0.9,2.9,26.5,16.0,0.0,-7.0
124,Alec Burks,DET,31,51,12,39,22.0,12.8,3.9,9.0,43.6,1.9,4.7,41.4,3.0,3.7,81.4,0.4,2.7,3.1,2.2,1.1,0.7,0.2,1.9,21.4,0.0,0.0,-0.1
125,Kenyon Martin Jr.,HOU,22,82,22,60,28.0,12.7,5.0,8.8,56.9,0.8,2.6,31.5,1.8,2.7,68.0,1.5,4.0,5.5,1.5,1.1,0.5,0.4,1.8,23.0,5.0,0.0,-4.5
126,Malik Beasley,LAL,26,81,45,36,25.8,12.7,4.6,11.6,39.5,2.9,8.1,35.7,0.6,0.8,76.9,0.4,3.1,3.5,1.5,1.1,0.8,0.1,1.3,20.8,1.0,0.0,-1.1
127,Nic Claxton,BKN,24,76,41,35,29.9,12.6,5.4,7.7,70.5,0.0,0.0,0.0,1.8,3.2,54.1,2.4,6.8,9.2,1.9,1.3,0.9,2.5,2.8,35.3,28.0,0.0,1.6
128,Dennis Schroder,LAL,29,66,37,29,30.1,12.6,4.1,9.8,41.5,1.1,3.4,32.9,3.3,3.8,85.7,0.3,2.2,2.5,4.5,1.7,0.8,0.2,2.2,23.4,2.0,0.0,1.9
130,Jakob Poeltl,TOR,27,72,26,46,26.5,12.5,5.4,8.6,62.9,0.0,0.0,0.0,1.7,2.8,59.2,3.3,5.8,9.1,2.7,1.7,0.9,1.2,2.7,32.0,19.0,0.0,-2.0
131,Kelly Olynyk,UTA,32,68,28,40,28.6,12.5,4.1,8.2,49.9,1.4,3.5,39.4,2.9,3.4,85.3,1.2,5.0,6.2,3.7,2.5,0.9,0.5,3.4,27.2,9.0,0.0,0.2
132,Eric Gordon,LAC,34,69,25,44,28.5,12.4,4.2,9.5,44.6,1.9,5.2,37.1,2.1,2.5,82.1,0.2,1.7,1.9,2.7,1.5,0.6,0.4,1.1,20.2,0.0,0.0,-3.0
133,Derrick White,BOS,28,82,57,25,28.3,12.4,4.3,9.2,46.2,1.8,4.8,38.1,2.0,2.3,87.5,0.6,2.9,3.6,3.9,1.2,0.7,0.9,2.2,26.2,7.0,0.0,6.0
134,Keegan Murray,SAC,22,80,47,33,29.8,12.2,4.4,9.8,45.3,2.6,6.3,41.1,0.8,1.0,76.5,1.1,3.5,4.6,1.2,0.8,0.8,0.5,2.0,22.7,4.0,0.0,1.2
135,Caris LeVert,CLE,28,74,45,29,30.2,12.1,4.3,10.0,43.1,1.7,4.4,39.2,1.8,2.4,72.2,0.7,3.1,3.8,3.9,1.6,1.0,0.3,2.3,24.8,1.0,0.0,2.6
136,Jaden McDaniels,MIN,22,79,41,38,30.6,12.1,4.7,9.1,51.7,1.4,3.4,39.8,1.3,1.8,73.6,1.2,2.7,3.9,1.9,1.4,0.9,1.0,3.4,23.8,0.0,0.0,0.9
138,Clint Capela,ATL,29,65,35,30,26.6,12.0,5.4,8.2,65.3,0.0,0.0,0.0,1.2,2.0,60.3,4.0,7.1,11.0,0.9,0.8,0.7,1.2,2.1,31.5,35.0,0.0,-0.5
139,Mike Conley,MIN,35,67,34,33,30.3,11.9,3.9,9.1,42.8,2.0,5.2,38.5,2.1,2.5,83.4,0.5,2.2,2.7,6.7,1.5,1.1,0.2,2.1,27.6,6.0,0.0,0.9
140,Bones Hyland,LAC,22,56,36,20,19.4,11.8,4.1,10.2,39.9,2.1,5.6,37.1,1.5,1.8,84.3,0.4,2.1,2.4,3.1,1.5,0.7,0.3,1.7,20.7,1.0,0.0,-2.3
141,Lonnie Walker IV,LAL,24,56,27,29,23.2,11.7,4.2,9.4,44.8,1.6,4.4,36.5,1.6,1.9,85.8,0.3,1.7,1.9,1.1,0.8,0.5,0.3,1.3,17.4,0.0,0.0,-3.7
142,Zach Collins,SAS,25,63,20,43,22.9,11.6,4.5,8.7,51.8,0.9,2.3,37.4,1.7,2.3,76.1,1.8,4.5,6.4,2.9,2.0,0.6,0.8,3.2,25.6,9.0,0.0,-3.8
143,Bruce Brown,DEN,26,80,53,27,28.5,11.5,4.5,9.3,48.3,1.1,3.2,35.8,1.5,1.9,75.8,0.8,3.3,4.1,3.4,1.5,1.1,0.6,2.4,25.1,3.0,1.0,0.4
143,Max Strus,MIA,27,80,42,38,28.4,11.5,4.1,9.9,41.0,2.5,7.0,35.0,1.0,1.1,87.6,0.6,2.6,3.2,2.1,0.9,0.5,0.2,2.1,19.8,2.0,0.0,-1.8
145,Marcus Smart,BOS,29,61,43,18,32.1,11.5,4.1,9.9,41.5,1.9,5.6,33.6,1.4,1.9,74.6,0.8,2.4,3.1,6.3,2.3,1.5,0.4,2.8,28.0,6.0,0.0,3.9
146,Naz Reid,MIN,23,68,32,36,18.4,11.5,4.6,8.5,53.7,1.1,3.2,34.6,1.3,1.9,67.7,1.1,3.8,4.9,1.1,1.4,0.6,0.8,2.6,21.9,4.0,0.0,-1.9
148,Isaiah Stewart,DET,22,50,12,38,28.3,11.3,3.9,8.8,44.2,1.3,4.1,32.7,2.2,3.0,73.8,2.3,5.8,8.1,1.4,1.4,0.4,0.7,2.7,25.0,13.0,0.0,-4.5
149,Quentin Grimes,NYK,23,71,41,30,29.9,11.3,4.0,8.5,46.8,2.2,5.7,38.6,1.1,1.4,79.6,0.7,2.5,3.2,2.1,1.0,0.7,0.4,2.5,20.4,0.0,0.0,2.6
150,Rui Hachimura,LAL,25,63,38,25,23.3,11.2,4.5,9.3,48.6,0.8,2.5,31.9,1.4,1.9,73.9,0.8,3.7,4.5,0.9,0.8,0.3,0.4,1.1,19.3,2.0,0.0,-0.4
151,Marcus Morris Sr.,LAC,33,65,35,30,28.1,11.2,4.2,9.9,42.6,1.7,4.7,36.5,1.0,1.3,78.2,0.4,3.5,4.0,1.8,0.9,0.6,0.3,2.1,20.6,2.0,0.0,-0.2
152,Kyle Lowry,MIA,37,55,30,25,31.2,11.2,3.6,8.8,40.4,1.9,5.6,34.5,2.1,2.5,85.9,0.8,3.3,4.1,5.1,1.9,1.0,0.4,2.6,26.1,2.0,1.0,1.0
153,Corey Kispert,WAS,24,74,31,43,28.3,11.1,3.9,7.9,49.7,2.2,5.2,42.4,1.0,1.2,85.2,0.4,2.4,2.8,1.2,0.7,0.4,0.1,1.3,17.1,0.0,0.0,-1.7
154,Jeremy Sochan,SAS,20,56,15,41,26.0,11.0,4.5,9.9,45.3,0.6,2.4,24.6,1.4,2.1,69.8,1.7,3.6,5.3,2.5,1.7,0.8,0.4,2.5,22.9,2.0,0.0,-4.2
155,Mason Plumlee,LAC,33,79,28,51,26.0,10.8,4.2,6.1,68.0,0.0,0.0,0.0,2.5,4.0,63.6,2.9,6.0,8.9,3.1,1.5,0.6,0.6,2.7,28.2,23.0,0.0,-3.4
156,Jaylen Nowell,MIN,23,65,34,31,19.3,10.8,4.3,9.6,44.8,1.0,3.6,28.9,1.2,1.5,77.8,0.6,2.1,2.6,2.0,1.0,0.6,0.1,1.6,18.2,0.0,0.0,-0.1
157,Kentavious Caldwell-Pope,DEN,30,76,51,25,31.3,10.8,3.8,8.3,46.2,1.8,4.2,42.3,1.4,1.6,82.4,0.5,2.3,2.7,2.4,1.1,1.5,0.5,1.9,22.4,0.0,0.0,6.5
158,Ivica Zubac,LAC,26,76,43,33,28.5,10.8,4.3,6.8,63.4,0.0,0.0,0.0,2.2,3.1,69.7,3.1,6.8,9.9,1.0,1.5,0.4,1.3,2.9,27.7,27.0,0.0,-0.4
159,Talen Horton-Tucker,UTA,22,65,30,35,20.2,10.7,4.0,9.4,41.9,0.9,3.1,28.6,1.9,2.6,75.0,0.6,2.6,3.2,3.8,1.9,0.6,0.4,1.7,21.6,2.0,0.0,-0.1
162,Cam Thomas,BKN,21,57,30,27,16.6,10.6,3.5,8.0,44.1,0.9,2.3,38.3,2.6,3.1,86.8,0.1,1.5,1.7,1.4,1.1,0.4,0.1,1.0,15.0,0.0,0.0,-0.1
163,Moritz Wagner,ORL,26,57,27,30,19.5,10.5,3.5,6.9,50.0,0.9,2.9,31.3,2.7,3.2,84.1,1.2,3.3,4.5,1.5,1.2,0.6,0.2,2.4,19.6,3.0,0.0,-0.5
164,Grayson Allen,MIL,27,72,53,19,27.4,10.4,3.4,7.7,44.0,2.0,5.1,39.9,1.6,1.8,90.5,0.8,2.4,3.3,2.3,1.0,0.9,0.2,1.6,19.9,0.0,0.0,3.2
165,Killian Hayes,DET,21,76,16,60,28.3,10.3,4.0,10.7,37.7,1.1,3.8,28.0,1.2,1.5,82.1,0.4,2.5,2.9,6.2,2.3,1.4,0.4,2.9,26.0,6.0,0.0,-6.6
166,Tyus Jones,MEM,27,80,51,29,24.2,10.3,3.9,8.9,43.8,1.5,4.1,37.1,1.0,1.2,80.6,0.4,2.2,2.5,5.2,0.9,1.0,0.1,0.4,23.5,9.0,1.0,1.2
168,Monte Morris,WAS,27,62,28,34,27.4,10.3,4.0,8.3,48.0,1.3,3.3,38.2,1.0,1.2,83.1,0.4,3.0,3.4,5.3,1.0,0.7,0.2,1.2,24.0,2.0,0.0,0.1
169,Doug McDermott,SAS,31,64,19,45,20.5,10.2,3.7,8.2,45.7,1.9,4.7,41.3,0.8,1.1,75.7,0.4,1.8,2.2,1.4,0.9,0.2,0.1,1.8,14.9,0.0,0.0,-3.7
170,Malaki Branham,SAS,20,66,15,51,23.5,10.2,4.1,9.3,44.0,1.2,3.9,30.2,0.9,1.1,82.9,0.4,2.3,2.7,1.9,1.2,0.5,0.1,1.7,17.0,0.0,0.0,-5.5
171,Reggie Jackson,DEN,33,68,36,32,24.4,10.2,3.9,9.4,41.1,1.4,4.2,33.3,1.0,1.1,91.0,0.4,1.8,2.1,3.4,1.7,0.7,0.1,1.7,18.5,1.0,0.0,-1.2
172,Patrick Williams,CHI,21,82,40,42,28.3,10.2,3.8,8.3,46.4,1.4,3.4,41.5,1.1,1.3,85.7,1.0,3.0,4.0,1.2,1.2,0.9,0.9,1.8,20.7,1.0,0.0,-1.7
173,De'Anthony Melton,PHI,25,77,50,27,27.9,10.1,3.6,8.5,42.5,2.0,5.2,39.0,0.9,1.1,79.3,0.9,3.2,4.1,2.6,1.3,1.6,0.5,2.5,24.0,0.0,0.0,1.3
174,Aaron Nesmith,IND,23,73,30,43,24.9,10.1,3.5,8.1,42.7,1.6,4.3,36.6,1.6,1.9,83.8,0.8,2.9,3.8,1.3,1.0,0.8,0.5,3.2,19.3,1.0,0.0,-2.9
175,Josh Richardson,NOP,29,65,24,41,23.5,10.1,3.7,8.5,43.1,1.6,4.5,36.5,1.1,1.2,85.2,0.6,2.1,2.7,2.7,1.3,1.1,0.3,1.8,20.1,1.0,0.0,-2.5
177,Brandon Clarke,MEM,26,56,32,24,19.5,10.0,4.1,6.2,65.6,0.0,0.1,16.7,1.8,2.5,71.9,1.6,3.9,5.5,1.3,1.0,0.6,0.7,2.3,21.4,6.0,0.0,-0.3
178,Jonathan Kuminga,GSW,20,67,38,29,20.8,9.9,3.9,7.4,52.5,0.8,2.2,37.0,1.3,2.1,65.2,1.0,2.4,3.4,1.9,1.4,0.6,0.5,2.3,18.7,1.0,0.0,-0.8
179,Onyeka Okongwu,ATL,22,80,41,39,23.1,9.9,4.0,6.2,63.8,0.1,0.2,30.8,1.9,2.5,78.1,2.7,4.5,7.2,1.0,1.0,0.7,1.3,3.1,25.1,12.0,0.0,0.8
180,Jalen Suggs,ORL,21,53,20,33,23.5,9.9,3.5,8.4,41.9,1.2,3.8,32.7,1.6,2.2,72.3,1.0,2.0,3.0,2.9,1.8,1.3,0.5,2.3,21.5,0.0,0.0,-0.8
181,Shaedon Sharpe,POR,20,80,32,48,22.2,9.9,3.8,8.1,47.2,1.3,3.5,36.0,0.9,1.3,71.4,0.8,2.2,3.0,1.2,1.0,0.5,0.3,1.7,16.5,0.0,0.0,-3.7
183,Herbert Jones,NOP,24,66,31,35,29.6,9.8,3.6,7.6,46.9,0.8,2.5,33.5,1.9,2.4,76.4,1.5,2.6,4.1,2.5,1.3,1.6,0.6,3.2,23.7,0.0,0.0,2.3
184,Thomas Bryant,DEN,25,59,33,26,18.3,9.8,3.9,6.3,62.3,0.4,1.0,44.1,1.6,2.1,73.8,1.5,4.3,5.7,0.5,0.6,0.3,0.5,1.7,19.2,9.0,0.0,-1.6
185,Al Horford,BOS,36,63,44,19,30.5,9.8,3.6,7.6,47.6,2.3,5.2,44.6,0.2,0.3,71.4,1.2,5.0,6.2,3.0,0.6,0.5,1.0,1.9,25.5,7.0,0.0,4.9
186,Josh Hart,NYK,28,76,42,34,32.3,9.8,3.6,6.8,52.9,0.8,2.2,37.2,1.7,2.3,75.0,1.9,5.9,7.8,3.8,1.5,1.2,0.3,2.6,27.6,10.0,0.0,4.1
189,Coby White,CHI,23,74,37,37,23.4,9.7,3.6,8.0,44.3,1.7,4.6,37.2,0.8,0.9,87.1,0.2,2.6,2.9,2.8,1.0,0.7,0.1,1.6,18.7,1.0,0.0,1.9
190,Keita Bates-Diop,SAS,27,67,18,49,21.7,9.7,3.5,6.9,50.8,0.8,2.1,39.4,1.8,2.2,79.3,1.0,2.7,3.7,1.5,0.8,0.7,0.3,0.9,18.5,0.0,0.0,-4.0
191,Caleb Martin,MIA,27,71,38,33,29.3,9.6,3.6,7.7,46.4,1.2,3.3,35.6,1.3,1.6,80.5,1.2,3.6,4.8,1.6,1.1,1.0,0.4,2.0,21.1,2.0,0.0,-0.1
192,Isaiah Joe,OKC,23,73,36,37,19.1,9.5,3.1,7.0,44.1,2.2,5.4,40.9,1.1,1.4,82.0,0.4,2.0,2.4,1.2,0.5,0.7,0.1,1.4,15.9,0.0,0.0,2.9
193,Andrew Nembhard,IND,23,75,32,43,27.6,9.5,3.8,8.6,44.1,1.2,3.5,35.0,0.7,0.8,79.0,0.5,2.2,2.7,4.5,1.7,0.9,0.2,2.4,21.1,5.0,0.0,-3.5
194,Jalen Smith,IND,23,68,31,37,18.8,9.4,3.6,7.5,47.6,0.8,2.8,28.3,1.5,2.0,75.9,1.9,3.9,5.8,1.0,1.1,0.3,0.9,2.3,20.4,7.0,0.0,-1.4
195,Jalen McDaniels,PHI,25,80,31,49,23.9,9.4,3.5,7.7,45.5,1.0,2.9,33.2,1.5,1.7,84.1,0.8,3.5,4.3,1.6,1.2,1.0,0.4,2.6,20.3,3.0,0.0,-1.9
196,Gabe Vincent,MIA,26,68,37,31,25.9,9.4,3.4,8.3,40.2,1.7,5.1,33.4,1.0,1.1,87.2,0.4,1.7,2.1,2.5,1.4,0.9,0.1,2.3,17.3,0.0,0.0,-0.4
197,Donte DiVincenzo,GSW,26,72,42,30,26.3,9.4,3.3,7.5,43.5,2.1,5.3,39.7,0.8,1.0,81.7,1.1,3.4,4.5,3.5,1.6,1.3,0.1,1.8,23.0,4.0,0.0,1.7
198,Kyle Anderson,MIN,29,69,36,33,28.4,9.4,3.7,7.2,50.9,0.6,1.5,41.0,1.4,2.0,73.5,1.0,4.4,5.3,4.9,1.5,1.1,0.9,2.1,27.7,10.0,3.0,1.3
199,Chris Boucher,TOR,30,76,39,37,20.0,9.4,3.4,7.0,49.3,0.8,2.5,32.8,1.7,2.2,76.2,2.1,3.5,5.5,0.4,0.5,0.6,0.8,1.9,20.4,9.0,0.0,-0.2
200,Hamidou Diallo,DET,24,56,12,44,17.8,9.3,3.8,6.7,57.3,0.1,0.4,23.8,1.6,2.6,58.8,1.0,2.4,3.5,1.0,1.3,0.9,0.3,2.2,17.4,0.0,0.0,-0.3
201,Tari Eason,HOU,22,82,22,60,21.6,9.3,3.6,8.0,44.8,0.7,2.1,34.3,1.3,1.8,75.2,2.4,3.7,6.0,1.1,1.2,1.2,0.6,2.3,22.1,7.0,0.0,-1.9
202,Luke Kennard,MEM,26,59,37,22,22.3,9.3,3.2,6.5,49.2,2.3,4.6,49.4,0.6,0.7,94.9,0.3,2.4,2.7,1.5,0.8,0.5,0.1,1.4,15.9,0.0,0.0,3.6
203,Precious Achiuwa,TOR,23,55,30,25,20.7,9.2,3.6,7.3,48.5,0.5,2.0,26.9,1.6,2.3,70.2,1.8,4.1,6.0,0.9,1.1,0.6,0.5,1.9,20.0,10.0,0.0,-0.7
204,Seth Curry,BKN,32,61,37,24,19.8,9.2,3.4,7.4,46.3,1.5,3.8,40.5,0.8,0.9,92.7,0.2,1.4,1.6,1.6,0.8,0.6,0.1,1.6,14.9,0.0,0.0,-1.1
205,Walker Kessler,UTA,21,74,34,40,23.0,9.2,4.0,5.6,72.0,0.0,0.0,33.3,1.1,2.1,51.6,3.1,5.3,8.4,0.9,0.8,0.4,2.3,2.3,27.9,20.0,0.0,1.0
206,Deni Avdija,WAS,22,76,33,43,26.6,9.2,3.3,7.6,43.7,0.9,3.1,29.7,1.6,2.2,73.9,1.0,5.4,6.4,2.8,1.6,0.9,0.4,2.8,23.1,11.0,0.0,-0.7
207,Jalen Duren,DET,19,67,16,51,24.9,9.1,3.9,5.9,64.8,0.0,0.0,0.0,1.4,2.3,61.1,3.4,5.5,8.9,1.1,1.4,0.7,0.9,2.7,24.7,19.0,0.0,-4.2
208,Taurean Prince,MIN,29,54,31,23,22.1,9.1,3.3,7.0,46.7,1.4,3.6,38.1,1.2,1.4,84.4,0.3,2.2,2.4,1.6,1.3,0.5,0.3,2.3,15.5,0.0,0.0,0.0
210,Josh Green,DAL,22,60,27,33,25.7,9.1,3.4,6.4,53.7,1.1,2.8,40.2,1.1,1.6,72.3,0.9,2.1,3.0,1.7,1.2,0.7,0.1,2.6,16.5,1.0,0.0,1.3
211,Naji Marshall,NOP,25,77,40,37,23.3,9.1,3.2,7.4,43.3,0.9,2.8,30.3,1.8,2.3,78.9,0.6,3.0,3.6,2.5,1.3,0.7,0.2,1.5,18.5,0.0,0.0,0.1
212,Bol Bol,ORL,23,70,26,44,21.5,9.1,3.7,6.8,54.6,0.4,1.6,26.5,1.2,1.5,75.9,1.0,4.8,5.8,1.0,1.6,0.4,1.2,1.3,20.8,6.0,0.0,-2.1
213,Santi Aldama,MEM,22,77,47,30,21.8,9.0,3.2,6.8,47.0,1.2,3.5,35.3,1.4,1.9,75.0,1.1,3.7,4.8,1.3,0.8,0.6,0.6,1.9,19.6,4.0,0.0,1.2
214,Daniel Gafford,WAS,24,78,32,46,20.6,9.0,3.7,5.1,73.2,0.0,0.0,0.0,1.6,2.4,67.9,2.1,3.5,5.6,1.1,1.1,0.4,1.3,2.4,21.3,10.0,0.0,-1.1
215,Jose Alvarado,NOP,25,61,30,31,21.5,9.0,3.3,8.0,41.1,1.4,4.0,33.6,1.1,1.3,81.3,0.5,1.9,2.3,3.0,1.3,1.1,0.2,2.0,18.8,0.0,0.0,1.7
217,AJ Griffin,ATL,19,72,34,38,19.5,8.9,3.4,7.4,46.5,1.4,3.6,39.0,0.6,0.7,89.4,0.5,1.6,2.1,1.0,0.6,0.6,0.2,1.2,14.6,0.0,0.0,0.9
218,Royce O'Neale,BKN,29,76,42,34,31.7,8.8,3.0,7.8,38.6,2.1,5.5,38.9,0.7,0.9,72.5,0.7,4.3,5.1,3.7,1.5,0.9,0.6,3.1,23.5,4.0,1.0,1.0
219,Terance Mann,LAC,26,81,44,37,23.1,8.8,3.4,6.5,51.9,1.0,2.4,38.9,1.1,1.5,78.0,1.0,2.5,3.4,2.3,1.0,0.5,0.3,1.8,17.7,1.0,0.0,0.0
221,Dennis Smith Jr.,CHA,25,54,19,35,25.7,8.8,3.4,8.4,41.2,0.4,2.1,21.6,1.4,2.0,73.6,0.5,2.6,3.1,4.8,1.5,1.4,0.5,2.3,23.8,1.0,0.0,-1.3
223,Jordan Nwora,IND,24,62,36,26,19.2,8.7,3.1,7.2,43.6,1.4,3.4,40.8,1.1,1.4,79.1,0.8,2.9,3.7,1.4,1.1,0.4,0.2,1.2,16.1,1.0,0.0,-4.1
224,Cedi Osman,CLE,28,77,48,29,20.1,8.7,3.1,6.9,45.1,1.5,4.1,37.2,1.0,1.4,69.4,0.3,2.0,2.3,1.5,0.7,0.5,0.1,1.6,14.8,1.0,0.0,3.0
225,T.J. McConnell,IND,31,75,31,44,20.4,8.7,3.8,6.9,54.3,0.3,0.8,44.1,0.8,0.9,85.3,0.6,2.5,3.1,5.3,1.9,1.1,0.1,1.4,22.1,6.0,1.0,-0.8
228,Ayo Dosunmu,CHI,23,80,40,40,26.2,8.6,3.5,7.1,49.3,0.7,2.4,31.2,0.8,1.0,80.5,0.6,2.2,2.8,2.6,1.2,0.8,0.3,2.3,17.8,0.0,0.0,-1.0
229,Draymond Green,GSW,33,73,41,32,31.5,8.5,3.4,6.5,52.7,0.5,1.8,30.5,1.1,1.5,71.3,0.9,6.3,7.2,6.8,2.8,1.0,0.8,3.1,30.1,11.0,0.0,4.7
230,Shake Milton,PHI,26,76,52,24,20.6,8.4,3.2,6.6,47.9,0.7,1.9,37.8,1.3,1.5,85.3,0.5,2.0,2.5,3.2,1.2,0.3,0.2,1.6,16.4,3.0,0.0,1.9
231,Dorian Finney-Smith,BKN,30,66,31,35,30.4,8.3,3.0,7.6,39.1,1.7,5.1,33.7,0.7,0.9,76.3,1.7,3.1,4.8,1.5,0.9,0.8,0.5,2.2,19.6,2.0,0.0,-0.1
232,Terrence Ross,PHX,32,63,27,36,21.1,8.3,3.2,7.4,43.0,1.5,4.1,36.8,0.4,0.5,79.4,0.3,2.1,2.4,1.5,0.7,0.6,0.2,1.5,14.9,0.0,0.0,-1.2
234,Kevin Love,MIA,34,62,35,27,20.0,8.2,2.7,6.8,38.9,1.6,4.8,33.4,1.3,1.5,87.9,1.0,5.5,6.4,1.9,1.1,0.3,0.2,1.6,19.0,6.0,0.0,1.8
235,Nick Richards,CHA,25,65,21,44,18.7,8.2,3.0,4.8,62.9,0.0,0.0,100.0,2.1,2.8,74.9,2.3,4.1,6.4,0.6,0.9,0.2,1.1,2.4,19.6,14.0,0.0,-1.7
236,Georges Niang,PHI,29,78,51,27,19.4,8.2,2.8,6.4,44.2,2.0,4.9,40.1,0.5,0.6,86.7,0.2,2.1,2.4,1.0,0.7,0.4,0.2,1.9,13.5,0.0,0.0,1.0
237,Damion Lee,PHX,30,74,40,34,20.4,8.2,2.7,6.1,44.2,1.5,3.3,44.5,1.3,1.4,90.4,0.5,2.5,3.0,1.3,1.1,0.4,0.1,1.6,14.3,0.0,0.0,1.1
239,Grant Williams,BOS,24,79,55,24,25.9,8.1,2.7,6.0,45.4,1.5,3.7,39.5,1.2,1.5,77.0,1.1,3.5,4.6,1.7,1.0,0.5,0.4,2.4,17.8,3.0,0.0,2.6
240,Jevon Carter,MIL,27,81,57,24,22.4,8.0,3.0,7.0,42.3,1.8,4.2,42.1,0.4,0.5,81.6,0.4,2.1,2.5,2.4,1.0,0.8,0.4,2.0,17.2,1.0,0.0,0.8
241,Kenrich Williams,OKC,28,53,26,27,22.8,8.0,3.4,6.5,51.7,0.9,2.5,37.3,0.3,0.7,43.6,1.8,3.1,4.9,2.0,0.6,0.8,0.3,2.1,19.6,2.0,0.0,1.4
245,Jarred Vanderbilt,LAL,24,78,43,35,24.1,7.9,3.2,5.8,54.8,0.4,1.2,32.2,1.2,1.8,69.1,2.2,5.3,7.5,2.4,1.2,1.1,0.3,2.4,23.2,10.0,0.0,-1.3
246,Ochai Agbaji,UTA,23,59,29,30,20.5,7.9,2.8,6.5,42.7,1.4,3.9,35.5,0.9,1.2,81.2,0.7,1.3,2.1,1.1,0.7,0.3,0.3,1.7,13.0,0.0,0.0,-0.3
249,Jeff Green,DEN,36,56,33,23,19.5,7.8,2.9,5.9,48.8,0.5,1.9,28.8,1.6,2.1,74.4,0.7,1.9,2.6,1.2,0.8,0.3,0.3,1.8,13.8,0.0,0.0,-3.4
250,Tre Mann,OKC,22,67,31,36,17.7,7.7,2.9,7.5,39.3,1.2,3.8,31.5,0.6,0.8,76.4,0.4,1.9,2.3,1.8,0.9,0.6,0.2,1.5,14.5,1.0,1.0,0.9
251,Pat Connaughton,MIL,30,61,43,18,23.7,7.6,2.7,6.9,39.2,1.8,5.3,33.9,0.4,0.7,65.9,0.8,3.8,4.6,1.3,0.5,0.6,0.2,1.1,16.9,2.0,0.0,2.2
252,Joe Harris,BKN,31,74,40,34,20.6,7.6,2.7,5.9,45.7,1.9,4.5,42.6,0.2,0.4,64.3,0.3,1.9,2.2,1.4,0.6,0.5,0.2,1.9,13.7,0.0,0.0,-0.3
252,Trey Lyles,SAC,27,74,43,31,16.9,7.6,2.5,5.5,45.8,1.2,3.2,36.3,1.4,1.7,81.5,0.9,3.1,4.1,0.9,0.9,0.4,0.4,1.3,15.3,1.0,0.0,1.4
255,Torrey Craig,PHX,32,79,44,35,24.7,7.4,2.9,6.3,45.6,1.3,3.2,39.5,0.4,0.6,71.1,1.8,3.6,5.4,1.5,0.9,0.6,0.8,2.3,19.5,4.0,0.0,-2.2
256,Obi Toppin,NYK,25,67,37,30,15.7,7.4,2.8,6.3,44.6,1.3,3.7,34.4,0.6,0.7,80.9,0.4,2.4,2.8,1.0,0.6,0.3,0.2,1.0,13.2,0.0,0.0,0.9
257,Trendon Watford,POR,22,62,26,36,19.1,7.4,2.9,5.2,56.0,0.4,1.0,39.1,1.2,1.6,72.0,0.7,3.2,3.8,2.1,1.1,0.5,0.2,1.9,16.1,3.0,0.0,-2.9
258,Devonte' Graham,SAS,28,73,31,42,18.3,7.4,2.2,5.9,37.4,1.6,4.6,35.2,1.3,1.8,74.8,0.3,1.4,1.7,2.7,0.7,0.6,0.2,1.1,15.2,0.0,0.0,-2.2
259,Delon Wright,WAS,31,50,26,24,24.4,7.4,2.8,5.8,47.4,0.8,2.4,34.5,1.0,1.2,86.7,1.2,2.4,3.6,3.9,0.9,1.8,0.3,1.2,23.2,0.0,0.0,1.4
260,Mitchell Robinson,NYK,25,59,35,24,26.9,7.4,3.2,4.7,67.1,0.0,0.0,0.0,1.0,2.1,48.4,4.5,4.9,9.4,0.9,0.7,0.9,1.8,2.7,27.7,13.0,0.0,3.1
261,Josh Okogie,PHX,24,72,38,34,18.8,7.3,2.3,5.8,39.1,0.9,2.7,33.5,1.9,2.7,72.4,1.5,2.0,3.5,1.5,0.9,0.8,0.5,1.6,16.6,2.0,0.0,1.5
263,Isaiah Jackson,IND,21,63,24,39,16.5,7.2,2.8,5.0,56.3,0.0,0.2,14.3,1.5,2.3,65.1,1.8,2.7,4.5,0.8,0.8,0.5,1.5,2.4,18.9,5.0,0.0,-2.0
264,Reggie Bullock,DAL,32,78,37,41,30.3,7.2,2.5,6.0,40.9,1.9,5.1,38.0,0.3,0.5,70.3,0.4,3.2,3.6,1.4,0.5,0.7,0.2,2.1,15.7,1.0,0.0,-1.1
266,Edmond Sumner,BKN,27,53,33,20,13.9,7.1,2.3,5.1,46.1,0.6,1.6,35.6,1.9,2.0,91.7,0.2,1.2,1.5,1.3,0.9,0.6,0.2,1.6,12.2,0.0,0.0,0.5
267,Troy Brown Jr.,LAL,23,76,40,36,24.5,7.1,2.6,6.1,43.0,1.4,3.7,38.1,0.4,0.5,87.2,0.8,3.2,4.1,1.3,0.6,0.8,0.2,1.6,16.2,2.0,0.0,-0.2
268,Kendrick Nunn,WAS,27,70,30,40,13.8,7.1,2.7,6.4,42.4,1.1,3.2,35.4,0.5,0.6,85.4,0.2,1.3,1.6,1.3,0.9,0.4,0.1,0.9,11.4,0.0,0.0,-0.8
269,Kevon Looney,GSW,27,82,44,38,23.9,7.0,3.0,4.7,63.0,0.0,0.0,0.0,1.1,1.9,60.6,3.3,5.9,9.3,2.5,0.5,0.6,0.6,2.7,25.1,14.0,0.0,1.9
270,Xavier Tillman,MEM,24,61,40,21,19.3,7.0,3.1,5.0,61.4,0.1,0.2,26.7,0.8,1.5,55.1,2.0,3.0,5.0,1.6,0.7,1.0,0.5,1.6,19.0,4.0,0.0,0.0
281,Cory Joseph,DET,31,62,12,50,19.8,6.9,2.4,5.7,42.7,1.1,2.9,38.9,0.9,1.2,79.2,0.3,1.4,1.7,3.5,0.9,0.5,0.1,1.4,15.4,0.0,0.0,-1.8
283,Aaron Wiggins,OKC,24,70,37,33,18.5,6.8,2.7,5.2,51.2,0.7,1.7,39.3,0.8,1.0,83.1,1.0,2.0,3.0,1.1,0.8,0.6,0.2,1.6,13.7,1.0,0.0,0.1
285,Larry Nance Jr.,NOP,30,65,34,31,21.2,6.8,2.9,4.7,61.0,0.2,0.6,33.3,0.8,1.2,69.6,1.6,3.8,5.4,1.8,0.6,0.9,0.6,2.0,19.7,3.0,0.0,2.8
286,Will Barton,TOR,32,56,27,29,17.7,6.8,2.5,6.5,37.9,1.2,3.2,36.7,0.7,0.8,78.7,0.3,2.2,2.4,2.0,0.9,0.5,0.2,1.0,14.0,0.0,0.0,-3.0
288,Terence Davis,SAC,26,64,38,26,13.1,6.7,2.4,5.7,42.3,1.4,3.8,36.6,0.5,0.7,79.1,0.3,1.9,2.2,1.0,0.8,0.7,0.2,1.6,12.7,0.0,0.0,0.7
290,Anthony Lamb,GSW,25,62,36,26,19.3,6.7,2.4,5.1,47.1,1.2,3.2,36.7,0.7,1.0,76.7,0.9,2.6,3.5,1.5,0.9,0.5,0.3,2.2,14.6,0.0,0.0,0.5
291,Dwight Powell,DAL,31,76,37,39,19.2,6.7,2.6,3.5,73.2,0.0,0.1,0.0,1.5,2.2,66.7,2.0,2.2,4.1,0.9,0.9,0.6,0.3,2.8,15.0,1.0,0.0,2.2
292,David Roddy,MEM,22,70,44,26,18.0,6.7,2.6,6.0,42.9,0.9,3.0,30.7,0.6,0.9,63.1,0.7,2.0,2.8,0.8,0.8,0.4,0.3,1.5,12.5,0.0,0.0,-0.9
293,Isaiah Livers,DET,24,52,10,42,23.1,6.7,2.3,5.5,41.7,1.4,3.9,36.5,0.6,0.8,82.1,0.5,2.2,2.8,0.8,0.6,0.5,0.5,2.0,13.8,1.0,0.0,-3.9
294,Nassir Little,POR,23,54,22,32,18.1,6.6,2.5,5.6,44.2,1.1,2.9,36.7,0.6,0.9,71.7,0.5,2.1,2.6,0.9,0.7,0.4,0.4,1.2,12.7,0.0,0.0,-3.5
295,Drew Eubanks,POR,26,78,31,47,20.3,6.6,2.7,4.3,64.1,0.1,0.2,38.9,1.1,1.6,66.4,1.7,3.7,5.4,1.3,0.9,0.5,1.3,2.2,19.7,3.0,0.0,-1.7
296,Jock Landale,PHX,27,69,35,34,14.2,6.6,2.6,4.9,52.8,0.3,1.2,25.0,1.1,1.5,75.2,1.7,2.3,4.1,1.0,0.9,0.2,0.4,1.8,14.1,3.0,0.0,2.0
298,Kevin Knox II,POR,23,63,12,51,15.1,6.6,2.4,5.3,45.8,1.0,3.0,34.9,0.7,1.0,76.7,0.5,2.3,2.8,0.5,0.8,0.4,0.2,1.5,11.7,2.0,0.0,-3.6
299,Jordan Goodwin,WAS,24,62,22,40,17.8,6.6,2.5,5.7,44.8,0.6,1.9,32.2,0.9,1.1,76.8,0.9,2.4,3.3,2.7,0.9,0.9,0.4,1.5,17.7,0.0,0.0,-1.9
304,Isaac Okoro,CLE,22,76,48,28,21.7,6.4,2.3,4.7,49.4,0.8,2.3,36.3,1.0,1.4,75.7,0.7,1.8,2.5,1.1,0.6,0.7,0.4,2.1,14.0,0.0,0.0,1.7
306,JaMychal Green,GSW,32,57,30,27,14.0,6.4,2.4,4.4,54.0,0.7,1.9,37.8,0.9,1.2,77.6,1.3,2.3,3.6,0.9,0.9,0.4,0.4,1.8,13.7,0.0,0.0,-2.7
307,Sam Hauser,BOS,25,80,55,25,16.1,6.4,2.3,5.0,45.5,1.8,4.2,41.8,0.2,0.2,70.6,0.4,2.1,2.6,0.9,0.4,0.4,0.3,1.2,12.3,0.0,0.0,2.7
309,Dario Saric,OKC,29,57,26,31,14.1,6.4,2.2,4.9,45.8,0.8,2.0,39.1,1.1,1.3,82.9,0.9,2.7,3.6,1.3,1.0,0.4,0.1,1.7,13.1,2.0,0.0,0.6
310,Simone Fontecchio,UTA,27,52,25,27,14.7,6.3,2.2,6.0,36.9,1.2,3.7,33.0,0.7,0.8,79.5,0.6,1.1,1.7,0.8,0.8,0.3,0.2,1.2,10.1,0.0,0.0,-3.9
311,Goran Dragic,MIL,37,58,27,31,15.0,6.3,2.4,5.8,42.1,0.9,2.5,35.9,0.5,0.8,68.9,0.3,1.1,1.4,2.6,1.1,0.2,0.1,1.1,11.7,0.0,0.0,0.1
313,Patrick Beverley,CHI,34,67,34,33,27.1,6.2,2.1,5.4,40.0,1.2,3.6,33.5,0.7,1.0,72.3,0.7,3.0,3.7,2.9,0.9,0.9,0.6,2.8,18.7,2.0,0.0,-1.2
315,Nickeil Alexander-Walker,MIN,24,59,29,30,15.0,6.2,2.2,5.0,44.4,1.0,2.7,38.4,0.7,1.0,66.7,0.3,1.5,1.7,1.8,0.9,0.5,0.4,1.5,12.7,0.0,0.0,-0.9
317,Nicolas Batum,LAC,34,78,44,34,21.9,6.1,2.1,4.9,42.0,1.6,4.1,39.1,0.4,0.6,70.8,0.8,3.0,3.8,1.6,0.6,0.7,0.6,1.9,16.2,0.0,0.0,2.1
318,Oshae Brissett,IND,24,65,27,38,16.7,6.1,1.9,4.9,38.6,0.7,2.4,31.0,1.6,2.2,71.7,1.0,2.4,3.4,0.7,0.5,0.5,0.2,1.2,12.8,1.0,0.0,0.3
321,Mike Muscala,BOS,31,63,32,31,15.0,6.1,2.1,4.6,44.9,1.3,3.3,39.1,0.6,0.8,76.9,0.6,2.6,3.2,0.8,0.4,0.2,0.4,1.6,12.6,0.0,0.0,3.2
324,Andre Drummond,CHI,29,67,32,35,12.7,6.0,2.5,4.1,60.6,0.0,0.0,0.0,1.0,1.9,53.6,2.1,4.6,6.6,0.5,1.1,0.7,0.4,1.7,16.8,8.0,0.0,0.4
328,Josh Christopher,HOU,21,64,16,48,12.3,5.8,2.4,5.1,46.5,0.3,1.4,23.6,0.7,0.9,75.0,0.3,0.8,1.1,1.1,0.9,0.5,0.2,0.9,10.2,0.0,0.0,-3.5
333,Jalen Johnson,ATL,21,70,35,35,14.9,5.6,2.3,4.6,49.1,0.4,1.5,28.8,0.7,1.1,62.8,0.7,3.3,4.0,1.2,0.6,0.5,0.5,1.6,14.8,1.0,0.0,-0.1
335,Davion Mitchell,SAC,24,80,47,33,18.1,5.6,2.3,5.0,45.4,0.8,2.5,32.0,0.3,0.4,80.6,0.2,1.1,1.3,2.3,0.8,0.6,0.2,1.4,12.1,0.0,0.0,0.0
338,Montrezl Harrell,PHI,29,57,35,22,11.9,5.6,2.2,3.7,59.8,0.0,0.1,0.0,1.2,1.8,69.3,1.2,1.6,2.8,0.6,0.6,0.3,0.4,1.3,11.4,1.0,0.0,0.3
339,Alex Caruso,CHI,29,67,33,34,23.5,5.6,1.9,4.3,45.5,0.8,2.3,36.4,0.9,1.1,80.8,0.6,2.3,2.9,2.9,1.1,1.5,0.7,2.4,18.7,1.0,0.0,3.0
340,Yuta Watanabe,BKN,28,58,30,28,16.0,5.6,2.0,4.0,49.1,1.0,2.3,44.4,0.6,0.8,72.3,0.5,1.9,2.4,0.8,0.4,0.4,0.3,1.4,11.5,0.0,0.0,-0.1
344,Wenyen Gabriel,LAL,26,68,37,31,15.1,5.5,2.3,3.8,59.6,0.1,0.5,27.8,0.8,1.2,61.9,1.7,2.5,4.2,0.5,0.7,0.4,0.5,2.1,13.3,0.0,0.0,-0.5
348,Lamar Stevens,CLE,25,62,39,23,18.1,5.3,2.1,4.6,44.8,0.5,1.5,31.6,0.6,0.9,70.2,0.8,2.6,3.3,0.5,0.4,0.4,0.3,1.3,11.9,1.0,0.0,0.1
350,Rudy Gay,UTA,36,56,29,27,14.6,5.2,1.9,5.1,37.8,0.6,2.3,25.2,0.8,0.9,85.7,0.6,2.3,2.9,1.0,0.7,0.3,0.3,1.2,11.6,0.0,0.0,1.0
351,Zeke Nnaji,DEN,22,53,34,19,13.7,5.2,2.1,3.7,56.1,0.3,1.2,26.2,0.8,1.2,64.5,1.2,1.4,2.6,0.3,0.6,0.3,0.4,2.0,10.5,1.0,0.0,-1.8
356,MarJon Beauchamp,MIL,22,52,34,18,13.5,5.1,1.8,4.7,39.5,0.9,2.7,33.1,0.5,0.7,73.0,0.7,1.5,2.2,0.7,0.9,0.4,0.1,1.3,9.5,0.0,0.0,-1.9
358,John Konchar,MEM,27,72,45,27,20.7,5.1,1.9,4.4,43.1,0.8,2.5,33.9,0.4,0.5,77.8,0.9,3.4,4.3,1.4,0.5,1.1,0.3,1.6,16.0,2.0,0.0,2.9
364,Derrick Jones Jr.,CHI,26,64,29,35,14.0,5.0,1.8,3.6,50.0,0.4,1.3,33.8,1.0,1.3,73.8,0.9,1.5,2.4,0.5,0.4,0.5,0.6,1.3,11.4,0.0,0.0,1.9
367,Isaiah Hartenstein,NYK,25,82,47,35,19.9,5.0,2.1,4.0,53.5,0.1,0.5,21.6,0.6,0.9,67.6,2.5,4.0,6.5,1.2,0.8,0.6,0.8,2.6,18.1,2.0,0.0,1.8
368,Vlatko Cancar,DEN,26,60,38,22,14.8,5.0,1.8,3.8,47.6,0.7,1.9,37.4,0.6,0.7,92.7,0.4,1.7,2.1,1.3,0.6,0.4,0.2,1.4,10.7,1.0,0.0,-1.1
370,Austin Rivers,MIN,30,52,25,27,19.5,4.9,1.8,4.0,43.5,0.8,2.4,35.0,0.6,0.8,76.9,0.1,1.5,1.6,1.4,0.4,0.5,0.1,1.5,10.4,0.0,0.0,-2.7
371,Chimezie Metu,SAC,26,66,41,25,10.4,4.9,2.0,3.3,58.9,0.1,0.6,23.7,0.8,1.1,74.0,0.7,2.3,3.0,0.6,0.5,0.3,0.3,1.2,10.8,0.0,0.0,1.3
373,Moses Moody,GSW,20,63,37,26,13.0,4.8,1.7,3.6,47.6,0.8,2.1,36.3,0.6,0.8,69.8,0.4,1.2,1.7,0.8,0.5,0.3,0.1,0.9,8.7,0.0,0.0,-0.1
374,Danuel House Jr.,PHI,29,56,38,18,14.4,4.8,1.7,3.5,47.2,0.7,2.0,33.6,0.8,1.1,75.0,0.2,1.5,1.7,0.8,0.5,0.3,0.2,1.2,8.7,0.0,0.0,-0.3
376,Garrison Mathews,ATL,26,54,16,38,12.7,4.8,1.4,3.7,36.3,1.2,3.3,35.0,0.9,1.0,90.6,0.2,1.1,1.4,0.5,0.4,0.4,0.1,1.1,8.4,0.0,0.0,-1.6
378,Christian Braun,DEN,22,76,49,27,15.5,4.7,1.9,3.8,49.5,0.4,1.3,35.4,0.5,0.8,62.5,0.6,1.8,2.4,0.8,0.5,0.5,0.2,1.3,10.6,0.0,0.0,-1.5
383,Malachi Flynn,TOR,25,53,29,24,13.0,4.6,1.6,4.6,36.0,0.9,2.5,35.3,0.5,0.6,75.8,0.3,1.2,1.4,1.3,0.5,0.4,0.1,1.2,9.3,0.0,0.0,-0.8
389,Thaddeus Young,TOR,34,54,23,31,14.7,4.4,2.0,3.7,54.5,0.1,0.6,17.6,0.3,0.5,69.2,1.3,1.8,3.1,1.4,0.8,1.0,0.1,1.6,12.7,0.0,0.0,-1.7
395,Haywood Highsmith,MIA,26,54,28,26,18.0,4.4,1.7,4.0,43.1,0.7,2.0,33.9,0.2,0.5,46.4,1.1,2.4,3.5,0.8,0.8,0.7,0.3,1.5,11.9,2.0,0.0,-1.9
396,Bismack Biyombo,PHX,30,61,33,28,14.3,4.3,2.0,3.4,57.8,0.0,0.0,0.0,0.4,1.1,35.7,1.5,2.8,4.3,0.9,0.8,0.3,1.4,1.9,15.2,3.0,0.0,0.8
403,Ish Wainright,PHX,28,60,33,27,15.3,4.2,1.4,3.8,37.0,1.0,2.9,32.9,0.4,0.5,83.9,0.8,1.6,2.3,0.9,0.4,0.6,0.4,2.0,10.9,0.0,0.0,1.5
404,Paul Reed,PHI,23,69,44,25,10.9,4.2,1.8,3.0,59.3,0.0,0.1,16.7,0.6,0.7,74.5,1.6,2.2,3.8,0.4,0.7,0.7,0.7,1.8,12.8,5.0,0.0,-0.2
407,Matisse Thybulle,POR,26,71,38,33,16.9,4.1,1.5,3.6,43.5,0.8,2.1,36.5,0.3,0.4,67.9,0.6,1.4,2.0,0.7,0.3,1.2,0.5,1.6,12.1,0.0,0.0,-0.2
411,Daishen Nix,HOU,21,57,15,42,16.0,4.0,1.4,4.2,34.2,0.7,2.5,28.6,0.4,0.6,66.7,0.3,1.4,1.7,2.3,1.5,0.5,0.1,1.0,10.0,0.0,0.0,-2.6
415,Aaron Holiday,ATL,26,63,32,31,13.4,3.9,1.5,3.5,41.8,0.6,1.4,40.9,0.4,0.5,84.4,0.4,0.8,1.2,1.4,0.6,0.6,0.2,1.3,9.2,0.0,0.0,0.3
417,Jabari Walker,POR,20,56,21,35,11.1,3.9,1.5,3.5,41.9,0.3,1.0,28.6,0.6,0.8,75.6,0.9,1.5,2.3,0.6,0.5,0.2,0.2,1.2,8.3,0.0,0.0,-2.1
419,Dyson Daniels,NOP,20,59,33,26,17.7,3.8,1.5,3.5,41.8,0.5,1.5,31.4,0.4,0.7,65.0,0.6,2.6,3.2,2.3,1.0,0.7,0.2,1.7,12.9,0.0,0.0,-0.1
421,JT Thor,CHA,20,69,22,47,14.0,3.8,1.4,3.4,39.9,0.6,1.8,31.7,0.5,0.7,70.2,0.5,1.7,2.2,0.5,0.6,0.3,0.3,1.0,8.5,0.0,0.0,-2.4
422,Caleb Houstan,ORL,20,51,20,31,15.9,3.8,1.3,3.6,36.3,0.9,2.7,33.8,0.3,0.4,83.3,0.7,1.3,1.9,0.6,0.4,0.2,0.1,1.2,7.8,0.0,0.0,-1.6
424,Luke Kornet,BOS,27,69,45,24,11.7,3.8,1.6,2.5,66.5,0.0,0.2,23.1,0.5,0.6,82.1,1.2,1.6,2.9,0.8,0.4,0.2,0.7,1.2,10.5,0.0,0.0,0.9
434,P.J. Tucker,PHI,38,75,48,27,25.6,3.5,1.3,3.0,42.7,0.7,1.9,39.3,0.3,0.3,82.6,1.3,2.7,3.9,0.8,0.6,0.5,0.2,2.4,11.0,0.0,0.0,1.8
436,Miles McBride,NYK,22,64,36,28,11.9,3.5,1.2,3.4,35.8,0.6,2.1,29.9,0.4,0.7,66.7,0.2,0.6,0.8,1.1,0.4,0.6,0.1,0.9,7.8,0.0,0.0,0.8
438,Wesley Matthews,MIL,36,52,37,15,15.8,3.4,1.1,3.1,36.3,0.8,2.4,31.5,0.5,0.5,85.7,0.7,1.5,2.2,0.7,0.3,0.4,0.3,1.4,8.6,0.0,0.0,1.0
439,Amir Coffey,LAC,25,50,26,24,12.5,3.4,1.1,2.9,38.6,0.2,0.8,27.5,1.0,1.3,77.8,0.3,0.7,1.1,1.1,0.4,0.1,0.1,1.0,6.6,0.0,0.0,-2.3
442,Jericho Sims,NYK,24,52,31,21,15.6,3.4,1.6,2.1,77.6,0.0,0.0,0.0,0.2,0.3,75.0,1.9,2.8,4.7,0.5,0.5,0.3,0.5,1.8,11.7,2.0,0.0,-2.2
444,Anthony Gill,WAS,30,59,21,38,10.6,3.3,1.2,2.2,53.8,0.1,0.5,13.8,0.8,1.1,73.1,0.6,1.1,1.7,0.6,0.3,0.1,0.2,1.2,6.9,0.0,0.0,-0.2
449,Christian Koloko,TOR,22,58,29,29,13.8,3.1,1.2,2.6,48.0,0.0,0.2,8.3,0.6,1.0,62.7,1.4,1.5,2.9,0.5,0.3,0.4,1.0,2.2,11.2,0.0,0.0,2.7
455,Usman Garuba,HOU,21,75,21,54,12.9,3.0,1.1,2.4,48.6,0.3,0.8,40.7,0.4,0.6,61.7,1.6,2.5,4.1,0.9,0.6,0.6,0.4,1.8,11.5,0.0,0.0,-3.4
461,Juan Toscano-Anderson,UTA,30,52,19,33,13.5,3.0,1.2,2.8,44.8,0.2,0.8,18.6,0.4,0.5,79.2,0.5,1.8,2.4,1.3,0.7,0.3,0.2,1.5,8.6,0.0,0.0,-2.8
